Key,Perennials,Garden plot layout,Header,Tree,Details,Perennial history,2022
"Artichoke 'Imperial Star' (DEAD, 196)",Artichoke 'Imperial Star',DEAD,,,"weed pressure, i guess",20220227-Purchase,
"Artichoke 'Imperial Star' (DEAD, 197)",Artichoke 'Imperial Star',DEAD,,,"weed pressure, i guess",20220227-Purchase,
"Coleus 'Trailing Plum'  (DEAD, 221)",Coleus 'Trailing Plum' ,DEAD,,,Front porch basket west,,
"Coleus 'Trailing Plum'  (GHpot, 220)",Coleus 'Trailing Plum' ,GHpot,,,Front porch basket east,20221113-Planted,
"Coleus campfire (GHpot, 1)",Coleus campfire,GHpot,,,,"""20210515-Purchase, Planted"",20221113-Planted",
"Hill hardy rosemary (DEAD, 2)",Hill hardy rosemary,DEAD,,,"I think this was planted near the back water spigot and was overwhelmed by weeds and mint in summer 2023. Might come back? +May 4, 2024 -","""20210515-Purchase, Planted""",
"Liatris spicata (ONB, 66)",Liatris spicata,ONB,,,,20210713-Observe,
"Myrica cerifera (EYBN, 226)",Myrica cerifera,EYBN,,,In E side at NE edge of yard where it may shield the brush pile. Grown from seed 2020-2021ish,,
"Myrica cerifera (Other, 49)",Myrica cerifera,Other,,,"In NW corner of yard where it may someday screen the brush pile.
In greehhouse pot: TWO as of 20210405",20210705-Care,
"Read more at: https://strawberries.ces.ncsu.edu/straberry-breeding-progam/strawberries-plasticulture-considerations-varieties/ (Broad, 65)",Read more at: https://strawberries.ces.ncsu.edu/straberry-breeding-progam/strawberries-plasticulture-considerations-varieties/,Broad,,,Pervasive on property.,20210713-Observe,
"Sabatia kennedyana (Plymouth rose gentian) (DEAD, 204)",Sabatia kennedyana (Plymouth rose gentian),DEAD,,,,20220304-Purchase,
"Sabatia kennedyana (Plymouth rose gentian) (DEAD, 205)",Sabatia kennedyana (Plymouth rose gentian),DEAD,,,,20220304-Purchase,
"Sabatia kennedyana (Plymouth rose gentian) (DEAD, 206)",Sabatia kennedyana (Plymouth rose gentian),DEAD,,,,20220304-Purchase,
"Sabatia kennedyana (Plymouth rose gentian) (OCZSun, 203)",Sabatia kennedyana (Plymouth rose gentian),OCZSun,,,"Was planted between blueberries and bloomed in 2023, don't see it coming back 2024 +May 4, 2024 -",20220304-Purchase,
"Scutellaria incana (Skullcap) (GHpot, 199)",Scutellaria incana (Skullcap),GHpot,,,,20220304-Purchase,
"Scutellaria incana (Skullcap) (GHpot, 200)",Scutellaria incana (Skullcap),GHpot,,,,20220304-Purchase,
"Scutellaria incana (Skullcap) (GHpot, 201)",Scutellaria incana (Skullcap),GHpot,,,,20220304-Purchase,
"Scutellaria incana (Skullcap) (GHpot, 202)",Scutellaria incana (Skullcap),GHpot,,,,20220304-Purchase,
"Spring beauties (OCZSun, 227)",Spring beauties,OCZSun,,,"Planted under the Grimes golden a couple years ago, have returned in 2023 & 2024 +May 4, 2024 -",,
"Spring beauties (Other, 212)",Spring beauties,Other,,,Many beyond south garden gate,,
"Spring beauties (Other, 213)",Spring beauties,Other,,,A few in the courtyard,,
"Witchhazel (Other, 81)",Witchhazel,Other,,,"Along west branch of drive, woods.",20210730-Observe,
"Deitrich's Wild Broccoli Raab (GSeedBank, 192)",Deitrich's Wild Broccoli Raab,GSeedBank,"""Brassicaceae: Brassica rapa (Turnips, rapeseed, etc)""",,,20220226-Planted,
"Nova elderberry (OCZSun, 254)",Nova elderberry,OCZSun,Adoxaceae: Sambucus canadensis (elderberry),,"         American elderberry  $10.00   SQ7344357    Variety: Nova 
     Qty: 1     $10.00 / Item  Feralwood Order #403 Confirmed 2023-10-22, 10:42  Planted where the crepe myrtle was",,
"York elderberry (OCZSun, 253)",York elderberry,OCZSun,Adoxaceae: Sambucus canadensis (elderberry),,"         American elderberry  $10.00   SQ8671749    Variety: York 
     Qty: 1     $10.00 / Item  From Feralwood 2023-10-22, 10:42 Order #403 Confirmed
southmost - planted where the old crepe myrtle was",,
"Liquidambar styraciflua (sweetgum) (Wal, 137)",Liquidambar styraciflua (sweetgum),Wal,Altingiaceae: Liquidambar styraciflua,,Very Tall.,,
"Rhus coppalinum (winged/dwarf sumac) (DEAD, 207)",Rhus coppalinum (winged/dwarf sumac),DEAD,Anacardiaceae: Rhus spp,,,20220221-Purchase,
"Rhus coppalinum (winged/dwarf sumac) (DEAD, 208)",Rhus coppalinum (winged/dwarf sumac),DEAD,Anacardiaceae: Rhus spp,,,20220221-Purchase,
"Rhus glabra (smooth sumac) (EYBB, 141)",Rhus glabra (smooth sumac),EYBB,Anacardiaceae: Rhus spp,,"Question whether it has survived +May 4, 2024 -","20211216-Purchase,20211231-Planted",
"Pawpaw  (OCpicnic, 179)",Pawpaw ,OCpicnic,Annonaceae: Asimina triloba (pawpaw),,"In SE ""wild"" corner of orchard

20180112 ... I’ve planted ... pawpaw seeds in starting planters for more winter stratification. [Defintiely more than 10!]

20171202 OIKOS Tree Crops order 10 seeds
Our  strain is grown from seed originally from the Corwin Davis collection of which much of the seed was collected from improved grafted and wild selections found in the most northern part of its range here in Michigan. This strain is the most northern form found in the U.S.  Our planting was started in 1988 and has grown to include other northern Illinois plants known for their large fruit size, flavor and productivity.  All pawpaws need two genetically different plants to set fruit. (This is what we provide.)",20220212-Observe,
"Pawpaw var Sunflower (DEAD, 175)",Pawpaw var Sunflower,DEAD,Annonaceae: Asimina triloba (pawpaw),,,20180926-Purchase,
"Pawpaw var Wells (OCpicnic, 77)",Pawpaw var Wells,OCpicnic,Annonaceae: Asimina triloba (pawpaw),,,"20210730-Observe,20180926-Purchase,20220212-Observe",
"Pawpaw Wynns winner seedling (OCpicnic, 176)",Pawpaw Wynns winner seedling,OCpicnic,Annonaceae: Asimina triloba (pawpaw),,,"20220212-Observe,20190913-Purchase",
"Pawpaw Wynns winner seedling (OCpicnic, 177)",Pawpaw Wynns winner seedling,OCpicnic,Annonaceae: Asimina triloba (pawpaw),,,"20220212-Observe,20190913-Purchase",
"Pawpaw Wynns winner seedling (OCpicnic, 178)",Pawpaw Wynns winner seedling,OCpicnic,Annonaceae: Asimina triloba (pawpaw),,,"20220212-Observe,20190913-Purchase",
"Zizia aurea (Golden alexander) (Broad, 67)",Zizia aurea (Golden alexander),Broad,Apiaceae-Apioideae-Selineae: Zizia spp (Alexanders),,Road frontage near NE corner of property	,,
"Lovage (DEAD, 195)",Lovage,DEAD,Apiaceae-Apioideae: Levisticum officinale,,,20220227-Purchase,
"Lovage (seeded, DEAD, 194)",Lovage,"seeded,DEAD",Apiaceae-Apioideae: Levisticum officinale,,Southern Seed Exchange 2/2019 seed ,20220226-Planted,
"Amsonia x 'Blue Ice' (OCoffDeck, 75)",Amsonia x 'Blue Ice',OCoffDeck,Apocynaceae: Amsonia spp,,The one nearer to the deck,"20210731-Observe,20190907-Purchase",
"Amsonia x 'Blue Ice' (OCoffDeck, 76)",Amsonia x 'Blue Ice',OCoffDeck,Apocynaceae: Amsonia spp,,The one closer to the fence,"20210731-Observe,20190907-Purchase",
"Asclepias incarnata 'Cinderella' (Rain, 261)",Asclepias incarnata 'Cinderella',Rain,Apocynaceae: Asclepias spp,,,"20220515-Planted,20220508-Purchase",
"Asclepias incarnata (Rose milkweed) (OCoffDeck, 74)",Asclepias incarnata (Rose milkweed),OCoffDeck,Apocynaceae: Asclepias spp,,,"20210731-Observe,""20211010-Planted, Observe"",20190907-Purchase",
"Asclepias tuberosa (Butterfly weed) (ONB, 63)",Asclepias tuberosa (Butterfly weed),ONB,Apocynaceae: Asclepias spp,,Uncertain whether grown from bought seed that I gave up on and dumped or if it volunteered to grow there -- did have a colony by the road before the berm.,,
"Asclepias tuberosa (Butterfly weed) (Other, 64)",Asclepias tuberosa (Butterfly weed),Other,Apocynaceae: Asclepias spp,,Colony by the road observed first summer,20210701-Observe,
"Yarrow in colors (OCZSun, 15)",Yarrow in colors,OCZSun,Asteraceae-Asteroideae-Anthemideae: Achillea spp,,Pink toned just north of the middle apple,20210625-Observe,
"Yarrow in colors (OCZSun, 16)",Yarrow in colors,OCZSun,Asteraceae-Asteroideae-Anthemideae: Achillea spp,,Red toned to the west of the middle apple,20210625-Observe,
"Pityopsis graminifolia (narrowleaf silkgrass) (DEAD, 163)",Pityopsis graminifolia (narrowleaf silkgrass),DEAD,Asteraceae-Asteroideae-Astereae: Pityopsis spp (goldenasters),,"1 of 2 for  around persimmon
2022-02-12 pickup at Dutch Buffalo, 4 Inch Pot, OriginCode 3","20220129-Purchase,""20220212-Arrival, Planted""",
"Pityopsis graminifolia (narrowleaf silkgrass) (DEAD, 164)",Pityopsis graminifolia (narrowleaf silkgrass),DEAD,Asteraceae-Asteroideae-Astereae: Pityopsis spp (goldenasters),,"2 of 2 for  around persimmon
2022-02-12 pickup at Dutch Buffalo, 4 Inch Pot, OriginCode 3","20220129-Purchase,""20220212-Arrival, Planted""",
"Symphyotrichum novi-belgii (New York aster) (GHpot, 50)",Symphyotrichum novi-belgii (New York aster),GHpot,Asteraceae-Asteroideae-Astereae: Symphyotrichum spp,,"MANY as of 20210405 (8 had been in cells, many were still in flat and were moved to one larger pot)",20210705-Care,
"Symphyotrichum novi-belgii (New York aster) (GldN, 121)",Symphyotrichum novi-belgii (New York aster),GldN,Asteraceae-Asteroideae-Astereae: Symphyotrichum spp,,At the cherry-maple copse,"""20211021-Planted, Observe""",
"Symphyotrichum novi-belgii (New York aster) (OCFN, OCFNWc, 97)",Symphyotrichum novi-belgii (New York aster),"OCFN,OCFNWc",Asteraceae-Asteroideae-Astereae: Symphyotrichum spp,,"MANY as of 20210405 (8 had been in cells, many were still in flat and were moved to one larger pot)","20210705-Care,""20211010-Planted, Observe""",
"Symphyotrichum novi-belgii (New York aster) (Rain, 122)",Symphyotrichum novi-belgii (New York aster),Rain,Asteraceae-Asteroideae-Astereae: Symphyotrichum spp,,"In NW quadrant, towards N-S center ","""20211021-Planted, Observe""",
"Symphyotrichum oblongifolium (Aromatic aster) (Cop1, 162)",Symphyotrichum oblongifolium (Aromatic aster),Cop1,Asteraceae-Asteroideae-Astereae: Symphyotrichum spp,,"4 of 4, in E goldenrod patch at base of redbud
2022-02-12 pickup at Dutch Buffalo, Deep cell 50, OC 2","20220129-Purchase,""20220212-Arrival, Planted""",
"Symphyotrichum oblongifolium (Aromatic aster) (OCZSun, 159)",Symphyotrichum oblongifolium (Aromatic aster),OCZSun,Asteraceae-Asteroideae-Astereae: Symphyotrichum spp,,"1 of 4, N of persimmon
2022-02-12 pickup at Dutch Buffalo, Deep cell 50, OC 2","20220129-Purchase,""20220212-Arrival, Planted""",
"Symphyotrichum oblongifolium (Aromatic aster) (ONB, 161)",Symphyotrichum oblongifolium (Aromatic aster),ONB,Asteraceae-Asteroideae-Astereae: Symphyotrichum spp,,"3 of 4, N berm N of west rose
2022-02-12 pickup at Dutch Buffalo, Deep cell 50, OC 2","20220129-Purchase,""20220212-Arrival, Planted""",
"Symphyotrichum oblongifolium (Aromatic aster) (OSB, 160)",Symphyotrichum oblongifolium (Aromatic aster),OSB,Asteraceae-Asteroideae-Astereae: Symphyotrichum spp,,"2 of 4, S berm near trail
2022-02-12 pickup at Dutch Buffalo, Deep cell 50, OC 2","20220129-Purchase,""20220212-Arrival, Planted""",
"Symphyotrichum pilosum var. pilosum (frost aster) (OCFN, OCFNWc, 103)",Symphyotrichum pilosum var. pilosum (frost aster),"OCFN,OCFNWc",Asteraceae-Asteroideae-Astereae: Symphyotrichum spp,,"Wild, in NW corner","""20211010-Planted, Observe""",
"Symphyotrichum pilosum var. pilosum (frost aster) (OCFN, OCFNWc, 104)",Symphyotrichum pilosum var. pilosum (frost aster),"OCFN,OCFNWc",Asteraceae-Asteroideae-Astereae: Symphyotrichum spp,,"Wild, along N fence","""20211010-Planted, Observe""",
"Symphyotrichum pilosum var. pilosum (frost aster) (ONB, 105)",Symphyotrichum pilosum var. pilosum (frost aster),ONB,Asteraceae-Asteroideae-Astereae: Symphyotrichum spp,,"Wild, along N fence","""20211010-Planted, Observe""",
"Symphyotrichum pilosum var. pilosum (frost aster) (OSB, 106)",Symphyotrichum pilosum var. pilosum (frost aster),OSB,Asteraceae-Asteroideae-Astereae: Symphyotrichum spp,,"Wild, along N fence","""20211010-Planted, Observe""",
"Coreopsis lanceolata (Lanceleaf coreopsis) (OCZSun, 167)",Coreopsis lanceolata (Lanceleaf coreopsis),OCZSun,Asteraceae-Asteroideae-Coreopsideae: Coreopsis spp,,"For n of the persimmon
2022-02-12 pickup at Dutch Buffalo, Deep cell 50 Origin Code 1","20220129-Purchase,""20220212-Arrival, Planted""",
"Sunkiss coreopsis (DEAD, 6)",Sunkiss coreopsis,DEAD,Asteraceae-Asteroideae-Coreopsideae: Coreopsis spp,,In the center of the third fence panel from the gate.,"20210618-Purchase,20210623-Planted,20210730-Observe",
"Dahlia 'Thomas A. Edison' (GSb-M, 233)",Dahlia 'Thomas A. Edison',GSb-M,Asteraceae-Asteroideae-Coreopsideae: Dahlia x pinnata ,,planted north west of wisconsin,"20240430-Purchase,""20240507-Planted, Harvest, Observe""",
"Dahlia 'Wisconsin Red' (GSb-M, 232)",Dahlia 'Wisconsin Red',GSb-M,Asteraceae-Asteroideae-Coreopsideae: Dahlia x pinnata ,,Planted southeast of thomas edison,"20240430-Purchase,""20240507-Planted, Harvest, Observe""",
"Eupatorium capillifolium (dog fennel) (Meadow, 86)",Eupatorium capillifolium (dog fennel),Meadow,Asteraceae-Asteroideae-Eupatorieae: Eupatorium spp,,MANY INDIVIDUALS,,
"Eupatorium serotinum (late boneset) (Meadow, 85)",Eupatorium serotinum (late boneset),Meadow,Asteraceae-Asteroideae-Eupatorieae: Eupatorium spp,,"20210904 Noticed again, cut down dogfennel from around it
http://nadiasyard.com/our-native-plants/boneset-late-eupatorium-serotinum/
2020 Autumn Noticed, protected from mowing once dogfennel down. ",,
"Sweetie star stevia (GHpot, 148)",Sweetie star stevia,GHpot,Asteraceae-Asteroideae-Eupatorieae: Stevia rebaudiana ,,,20200711-Purchase,
"Arizona sun blanket flower (OCFN, OCFNWc, 3)",Arizona sun blanket flower,"OCFN,OCFNWc",Asteraceae-Asteroideae-Helenieae: Gaillardia aristata (blanketflower),,,"20210618-Purchase,20210623-Planted,20210730-Observe",
"Gaillardia aristata 'Arizona Red Shades' (OCFN, OCFNWc, 4)",Gaillardia aristata 'Arizona Red Shades',"OCFN,OCFNWc",Asteraceae-Asteroideae-Helenieae: Gaillardia aristata (blanketflower),,,"20210618-Purchase,20210623-Planted,20210730-Observe",
"""Echinacea purpurea """"PowWow Wild Berry"""""" (OSB, 19)","""Echinacea purpurea """"PowWow Wild Berry""""""",OSB,Asteraceae-Asteroideae-Heliantheae: Echinacea spp,,,20180808-Purchase,
"Echinacea species (Meadow, 82)",Echinacea species,Meadow,Asteraceae-Asteroideae-Heliantheae: Echinacea spp,,,20210726-Observe,
"Echinacea species (Wal, 79)",Echinacea species,Wal,Asteraceae-Asteroideae-Heliantheae: Echinacea spp,,2021 First year observed,20210730-Observe,
"Helianthus tuberosus (sunchoke) (GNWb-B, 41)",Helianthus tuberosus (sunchoke),GNWb-B,Asteraceae-Asteroideae-Heliantheae: Helianthus tuberosus (sunchoke),,"20190901 Laura’s plants blooming in garden plot
20180428 Laura dropped off sunchokes",,
"Marshallia obovata (Barbara’s buttons) (OCZSun, 165)",Marshallia obovata (Barbara’s buttons),OCZSun,Asteraceae-Asteroideae-Heliantheae: Marshallia spp (Barbara's buttons),,"1 of 2 for N of persimmon
2022-02-12 pickup at Dutch Buffalo, 4 Inch Pot, Origin Code 1","20220129-Purchase,""20220212-Arrival, Planted""",
"Marshallia obovata (Barbara’s buttons) (OCZSun, 166)",Marshallia obovata (Barbara’s buttons),OCZSun,Asteraceae-Asteroideae-Heliantheae: Marshallia spp (Barbara's buttons),,"2 of 2 for N of persimmon
2022-02-12 pickup at Dutch Buffalo, 4 Inch Pot, Origin Code 1","20220129-Purchase,""20220212-Arrival, Planted""",
"Rudbeckia fulgida (Brown eyed Susan) (ONB, 153)",Rudbeckia fulgida (Brown eyed Susan),ONB,Asteraceae-Asteroideae-Heliantheae: Rudbeckia spp,,"1 of 3, for N berm, W end
2022-02-12 pickup at Dutch Buffalo, Deep cell 50, Origin Code 1","20220129-Purchase,""20220212-Arrival, Planted""",
"Rudbeckia fulgida (Brown eyed Susan) (ONB, 154)",Rudbeckia fulgida (Brown eyed Susan),ONB,Asteraceae-Asteroideae-Heliantheae: Rudbeckia spp,,"2 of 3, for N berm, W end
2022-02-12 pickup at Dutch Buffalo, Deep cell 50, Origin Code 1","20220129-Purchase,""20220212-Arrival, Planted""",
"Rudbeckia fulgida (Brown eyed Susan) (ONB, 155)",Rudbeckia fulgida (Brown eyed Susan),ONB,Asteraceae-Asteroideae-Heliantheae: Rudbeckia spp,,"3 of 3 for N berm, W end
2022-02-12 pickup at Dutch Buffalo, Deep cell 50, Origin Code 1","20220129-Purchase,""20220212-Arrival, Planted""",
"Rudbeckia laciniata (Cut leaf coneflower) (GC-E, 132)",Rudbeckia laciniata (Cut leaf coneflower),GC-E,Asteraceae-Asteroideae-Heliantheae: Rudbeckia spp,,Three plants and some tufts of best grass ever.,20211101-Planted,
"Rudbeckia laciniata (Cut leaf coneflower) (GNSE, 131)",Rudbeckia laciniata (Cut leaf coneflower),GNSE,Asteraceae-Asteroideae-Heliantheae: Rudbeckia spp,,At least two plants at this point. Also have shaken seed.,20211101-Planted,
"Smallanthus uvedalius (bearsfoot) (Other, 68)",Smallanthus uvedalius (bearsfoot),Other,Asteraceae-Asteroideae-Millerieae: Smallanthus uvedalius (bearsfoot),,Under Tulip poplar 001	,20210725-Observe,
"Smallanthus uvedalius (bearsfoot) (Other, 69)",Smallanthus uvedalius (bearsfoot),Other,Asteraceae-Asteroideae-Millerieae: Smallanthus uvedalius (bearsfoot),,By younger black walnut	,,
"Endeavor Endive Mix (GSeedBank, 190)",Endeavor Endive Mix,GSeedBank,Asteraceae-Cichorioideae-Cichorieae:  Cichorium spp,,,20220226-Planted,
"Wild Garden II Chicory (GSeedBank, 191)",Wild Garden II Chicory,GSeedBank,Asteraceae-Cichorioideae-Cichorieae:  Cichorium spp,,"These sprouted and went to seed. No sign now +May 5, 2024 -",20220226-Planted,
"Elephantopus tomentosus (MANY, 107)",Elephantopus tomentosus,MANY,Asteraceae-Cichorioideae-Vernonieae: Elephantopus tomentosus L.,,,20220226-Planted,
"Stokesia laevis (Stokes aster) (OCoffDeck, 73)",Stokesia laevis (Stokes aster),OCoffDeck,Asteraceae-Cichorioideae-Vernonieae: Stokesia laevis,,Consider this one the smaller one -- south most,20210731-Observe,
"Stokesia laevis (Stokes aster) (OCoffDeck, 96)",Stokesia laevis (Stokes aster),OCoffDeck,Asteraceae-Cichorioideae-Vernonieae: Stokesia laevis,,"Consider this the larger one, N most",20210731-Observe,
"Vernonia lettermanii (Letermans vernonia) (OCZSun, 158)",Vernonia lettermanii (Letermans vernonia),OCZSun,Asteraceae-Cichorioideae-Vernonieae: Vernonia spp (ironweeds),,"3 of 3, for N of persimmon
2022-02-12 pickup at Dutch Buffalo, Deep cell 50, Origin Code 3","20220129-Purchase,""20220212-Arrival, Planted""",
"Vernonia lettermanii (Letermans vernonia) (ONB, 156)",Vernonia lettermanii (Letermans vernonia),ONB,Asteraceae-Cichorioideae-Vernonieae: Vernonia spp (ironweeds),,"1 of 3, for N berm, W end
2022-02-12 pickup at Dutch Buffalo, Deep cell 50, Origin Code 3","20220129-Purchase,""20220212-Arrival, Planted""",
"Vernonia lettermanii (Letermans vernonia) (ONB, 157)",Vernonia lettermanii (Letermans vernonia),ONB,Asteraceae-Cichorioideae-Vernonieae: Vernonia spp (ironweeds),,"2 of 3, for N berm, W end
2022-02-12 pickup at Dutch Buffalo, Deep cell 50, Origin Code 3","20220129-Purchase,""20220212-Arrival, Planted""",
"Basella alba var 'Rubra' (Red malabar spinach) (Other, 145)",Basella alba var 'Rubra' (Red malabar spinach),Other,Basellaceae: Basella alba var 'Rubra' (Red malabar spinach),,South west corner of house (greenhouse); returned from seed in 2021,,
"American hazelnut (Rain, 127)",American hazelnut,Rain,Betulaceae: Corylus americana,,"Five plants from Mellow Marsh, planned location
ended up on south and east of rain garden","20211101-Purchase,""20220124-Arrival, Care""",
"Select American hazel (Rain, 235)",Select American hazel,Rain,Betulaceae: Corylus americana,,"Northmost tree in planting, selected by Feralwood Nursery",20230208-Purchase,
"Homesteader's Kaleidoscopic Perennial Kale Grex (GSeedBank, 189)",Homesteader's Kaleidoscopic Perennial Kale Grex,GSeedBank,Brassicaceae: Brassica oleracea Acephala Group,,,20220226-Planted,
"Opuntia cacanapa 'Ellisiana' (NWWdDrive, 262)",Opuntia cacanapa 'Ellisiana',NWWdDrive,Cactaceae: Opuntia spp and hybrids,,Near the compost and the pecan,"20220515-Planted,20220508-Purchase",
"'Starship Scarlet' Lobelia (, 242)",'Starship Scarlet' Lobelia,,Campanulaceae: Lobelia spp and x,,,20240212-Purchase,
"Lobelia siphilitica (Great blue lobelia) (OCFN, OCFNWc, 78)",Lobelia siphilitica (Great blue lobelia),"OCFN,OCFNWc",Campanulaceae: Lobelia spp and x,,"First bloomed 2020.
I don't think it came back in 2023 +May 4, 2024 -",20210730-Observe,
"Symphoricarpos orbiculatus (coralberry) (Other, 147)",Symphoricarpos orbiculatus (coralberry),Other,Caprifoliaceae: Symphoricarpos spp,,"On west side of drive at road.
",20220102-Observe,
"Viburnum dentatum (arrowwood) (GldW, 223)",Viburnum dentatum (arrowwood),GldW,Caprifoliaceae: Viburnum spp & var,,"circa 2021 The two plants seemed different. Think the Mail Order plant died and left with the less confidently identified Mellowmarsh plant

20190224 planted one Caprifoliaceae: Viburnum dentatum (arrowwood) from Mail Order Natives and one from Mellowmarsh in west side of glade.

20190209 Mail Order Natives Order  http://www.mailordernatives.com/viburnum-dentatum-arrowwood-viburnum/ $9/gal 6-12 ft; 6-15 ft. spread; interesting specimen plant for shrub border; dark green leaves in spring and summer change to red-bronze-burgundy in fall; thrives in moist acidic soil; prefers light shade. Larval host for Spring Azure Butterfly. Zone 3-8.",,
"Euonymus americanus (hearts-a-bustin) (GHpot, 46)",Euonymus americanus (hearts-a-bustin),GHpot,Celastraceae: Euonymus americanus,,"THREE as of 20210405
Seeded in 2021-01-flat",20210705-Care,
"Tradescantia from Laura (GSb-E, 266)",Tradescantia from Laura,GSb-E,Commelinaceae: Tradescantia spp and hybrids,,,"""20240507-Planted, Harvest, Observe""",
"Tradescantia ohiensis 'Mrs Loewer' (, 268)",Tradescantia ohiensis 'Mrs Loewer',,Commelinaceae: Tradescantia spp and hybrids,,Consider this the east one,20171216-Purchase,
"Tradescantia ohiensis 'Mrs Loewer' (OSB, 267)",Tradescantia ohiensis 'Mrs Loewer',OSB,Commelinaceae: Tradescantia spp and hybrids,,Consider this the west one,20171216-Purchase,
"Scarlet sweet potato (GSb-E, GSb-M, GSSE, GSSM, GSSW, 62)",Scarlet sweet potato,"GSb-E,GSb-M,GSSE,GSSM,GSSW",Convolvulaceae-Ipomoeeae: Ipomoea batatas (sweet potato),,,,
"Sweet Caroline Light Green (GHpot, 61)",Sweet Caroline Light Green,GHpot,Convolvulaceae-Ipomoeeae: Ipomoea batatas (sweet potato),,Cutting from #60 ,20210705-Care,
"Sweet Caroline Light Green (ONB, 60)",Sweet Caroline Light Green,ONB,Convolvulaceae-Ipomoeeae: Ipomoea batatas (sweet potato),,,20210501-Purchase,
"Sedum 'Boogie Woogie' PPAF CPBRAF ROCK 'N GROW® Collection (, 89)",Sedum 'Boogie Woogie' PPAF CPBRAF ROCK 'N GROW® Collection,,Crassulaceae: Sedum spp,,,20210910-Purchase,
"Sedum 'Boogie Woogie' PPAF CPBRAF ROCK 'N GROW® Collection (FrtE, 119)",Sedum 'Boogie Woogie' PPAF CPBRAF ROCK 'N GROW® Collection,FrtE,Crassulaceae: Sedum spp,,"Sedum 'Boogie Woogie' PPAF CPBRAF ROCK 'N GROW® Collection X 1 at $9.77
New Garden plants 9/10/21,","""20211017-Observe, Planted, Garden plot layout""",
"Christmas fern (FrtE, 110)",Christmas fern,FrtE,Dryopteridaceae,,by steps,"""20211017-Observe, Planted, Garden plot layout""",
"Christmas fern (FrtE, 111)",Christmas fern,FrtE,Dryopteridaceae,,under window,"""20211017-Observe, Planted, Garden plot layout""",
"Christmas fern (MANY, 108)",Christmas fern,MANY,Dryopteridaceae,,,,
"Diospyros virginiana (persimmon) (GldE, 173)",Diospyros virginiana (persimmon),GldE,Ebenaceae: Diospyros spp (persimmons),,,20200521-Observe,
"Prok persimmon (OCZSun, 174)",Prok persimmon,OCZSun,Ebenaceae: Diospyros spp (persimmons),,,"20220212-Care,20180926-Purchase",
"Cercis canadensis (eastern redbud) (Cop1, 139)",Cercis canadensis (eastern redbud),Cop1,Fabaceae-Cercidoideae-Cercideae: Cercis canadensis (Eastern Redbud),,Copse,20211222-Planted,
"Cercis canadensis (eastern redbud) (OSB, 215)",Cercis canadensis (eastern redbud),OSB,Fabaceae-Cercidoideae-Cercideae: Cercis canadensis (Eastern Redbud),,west of meadow,,
"Cercis canadensis (eastern redbud) (Other, 138)",Cercis canadensis (eastern redbud),Other,Fabaceae-Cercidoideae-Cercideae: Cercis canadensis (Eastern Redbud),,NW corner of meadow.,,
"Cercis canadensis (eastern redbud) (Other, 214)",Cercis canadensis (eastern redbud),Other,Fabaceae-Cercidoideae-Cercideae: Cercis canadensis (Eastern Redbud),,west of meadow,,
"Cercis canadensis (eastern redbud) (Other, 218)",Cercis canadensis (eastern redbud),Other,Fabaceae-Cercidoideae-Cercideae: Cercis canadensis (Eastern Redbud),,by road,,
"Cercis canadensis (eastern redbud) (Other, 219)",Cercis canadensis (eastern redbud),Other,Fabaceae-Cercidoideae-Cercideae: Cercis canadensis (Eastern Redbud),,,,
"Cercis canadensis (eastern redbud) (Wal, 216)",Cercis canadensis (eastern redbud),Wal,Fabaceae-Cercidoideae-Cercideae: Cercis canadensis (Eastern Redbud),,,,
"Cercis canadensis (eastern redbud) (Wal, 217)",Cercis canadensis (eastern redbud),Wal,Fabaceae-Cercidoideae-Cercideae: Cercis canadensis (Eastern Redbud),,,,
"Amorpha fruticosa (False indigo bush) (eOrch, 143)",Amorpha fruticosa (False indigo bush),eOrch,Fabaceae-Faboideae-Amorpheae: Amorpha spp,,"Summer 2022 -- it survived my mowing over it fall 2021 and is above the other plants.
2021 autumn - weed whacked it back by accident. Argh.
20200812 Prairie Moon bare root - planted and protected with plastic tube near Biden pond in early November 2020 ",,
"Centrosema virginianum (Spurred butterfly pea) (OCZSun, 168)",Centrosema virginianum (Spurred butterfly pea),OCZSun,Fabaceae-Faboideae-Phaseoleae: Centrosema virginianum,,"1 for around the persimmon
2022-02-12 pickup at Dutch Buffalo, 4 Inch Pot Orig Code 1","20220129-Purchase,""20220212-Arrival, Planted""",
"""Phaseolus polystachios (Thicket, wild kidney bean)"" (GNWb-B, 37)","""Phaseolus polystachios (Thicket, wild kidney bean)""",GNWb-B,Fabaceae-Faboideae-Phaseoleae: Phaseolus polystachios,,"20200511 planted on the N side of the tripod by the sunchokes 
20200503 one has sprouted and seems to be thriving. Where to plant? 
20200217 Seeding flats & cells
20200210 Prairie Moon Nursery
20191226 listed at https://www.prairiemoon.com/phaseolus-polystachios-wild-kidney-bean with 5 seeds in a pack",20210703-Observe,
"Baptisia australis (Blue false indigo) (GHpot, 52)",Baptisia australis (Blue false indigo),GHpot,Fabaceae-Faboideae-Sophoreae: Baptisia spp,,"EIGHT as of 20210705 (multiple seedlings in some pots, oen with a tiny s novi-belgii)
20200210 Prairie Moon Nursery",20210705-Care,
"Baptisia australis (Blue false indigo) (GldN, 90)",Baptisia australis (Blue false indigo),GldN,Fabaceae-Faboideae-Sophoreae: Baptisia spp,,At the  maple-cherry copse near the back porch,"""20211021-Planted, Observe""",
"Baptisia australis (Blue false indigo) (OCFN, OCFNWc, 101)",Baptisia australis (Blue false indigo),"OCFN,OCFNWc",Fabaceae-Faboideae-Sophoreae: Baptisia spp,,"EIGHT as of 20210705 (multiple seedlings in some pots, oen with a tiny s novi-belgii)
20200210 Prairie Moon Nursery","20210705-Care,""20211010-Planted, Observe""",
"Baptisia australis (Blue false indigo) (Rain, 99)",Baptisia australis (Blue false indigo),Rain,Fabaceae-Faboideae-Sophoreae: Baptisia spp,,Planted in rain garden in 2020 in North east corner,20210705-Care,
"Baptisia australis (Blue false indigo) (Rain, 100)",Baptisia australis (Blue false indigo),Rain,Fabaceae-Faboideae-Sophoreae: Baptisia spp,,"Planted in rain garden in 2020 in near #99 along E edge of rain garden,",20210705-Care,
"Dustan Chestnut (OCZSun, 134)",Dustan Chestnut,OCZSun,Fagaceae: Castanea spp,,,"20180904-Purchase,20220212-Observe",
"Dustan Chestnut (ONB, 133)",Dustan Chestnut,ONB,Fagaceae: Castanea spp,,"grown from seed

20180112 I am delighted to find that six of the seven chestnuts (American Chinese hybrids) that i have been stratifying in my fridge have sprouted. I’ve planted those and pawpaw seeds in starting planters for more winter stratification.

20170926 2017 Collected Seed from Dunstin chestnuts
20170927 wrapped seeds in damp paper towels and put in fridge: ",20220212-Care,
"Hamamelis virginiana (witch hazel) (NWWdDrive, 84)",Hamamelis virginiana (witch hazel),NWWdDrive,Hamamelidaceae: Hamamelis spp,,"20200208 Planted Witch Hazel, Hamamelidaceae: Hamamelis virginiana by w side of traffic circle
201912 Sales Order 6516 from Country Farm & Home Supply, Inc.",,
"Crocosmia x crocosmiiflora 'George Davidson'  (OSB, 229)",Crocosmia x crocosmiiflora 'George Davidson' ,OSB,Iridaceae: Crocosmia spp,,20240504 5 corms (dried out?) W end S berm where comfrey was.,20240504-Planted,
"Crocosmia x curtonus 'Lucifer' (OSB, 228)",Crocosmia x curtonus 'Lucifer',OSB,Iridaceae: Crocosmia spp,,20240504 5 corms (dried out?) W end S berm where comfrey was.,20240504-Planted,
"Saffron crocus (GNWb-N, 146)",Saffron crocus,GNWb-N,Iridaceae: Crocus ssp.,,"20210110 planed in hilled NW border the N most segment, N of the midpost and s of the dahlias. Some signs of life with small roots. Added bone meal.

202009XX arriving beginning of September (was here by 09-05, put in fridge)

20200812 brentandbeckysbulbs.com - 10 bulbs",20220102-Observe,
"Snow Crocus 'Cream beauty' (Circ, 187)",Snow Crocus 'Cream beauty',Circ,Iridaceae: Crocus ssp.,,"
20200208 Iridaceae: Crocus chrysanthus (snow/golden crocus) on SE side of island blooming, no sign on the SW side of island.
20180205 December planted bulbs at S end of island sprouting
20180127 ... was very mild, and so i also got out and planted the daffodil bulbs i'd dug up in Dec, Iridaceae: Crocus spp bulbs and onions i'd bought on a whim, ....

Cream beauty https://www.rhs.org.uk/plants/details?plantid=2556
",,
"Snow Crocus 'Cream beauty' (HKWES, 186)",Snow Crocus 'Cream beauty',HKWES,Iridaceae: Crocus ssp.,,"Some transplanted from the circle 2021
20210226 Moved the two crocus from SW side of island to the SW end HK in temporary location for front window garden plants. SW arc of crocus have bloomed; want to move to orchard. ",,
"Malykin Pink Gladiolus (ONB, 29)",Malykin Pink Gladiolus,ONB,Iridaceae: Gladiolus sp,,,20210701-Observe,
"Malykin iris (MANY, 265)",Malykin iris,MANY,iridaceae: Iris germanica (bearded iris),,,,
"Iris Louisiana 'Black Gamecock' (, 240)",Iris Louisiana 'Black Gamecock',,Iridaceae: Iris spp & x (Louisiana),,,"20240212-Purchase,""20240507-Planted, Harvest, Observe""",
"Iris Louisiana 'Black Gamecock' (, 241)",Iris Louisiana 'Black Gamecock',,Iridaceae: Iris spp & x (Louisiana),,,20240212-Purchase,
"Iris virginica var shrevei (Southern Blue Flag) (Rain, 53)",Iris virginica var shrevei (Southern Blue Flag),Rain,Iridaceae: Iris virginia,,"Two when i potted up plants.
THREE  as of 20210405, although two were tiny","20210705-Care,""20211010-Planted, Observe""",
"Iris virginica var shrevei (Southern Blue Flag) (Rain, 94)",Iris virginica var shrevei (Southern Blue Flag),Rain,Iridaceae: Iris virginia,,"Two when i potted up plants.
THREE  as of 20210405, although two were tiny","20210705-Care,""20211010-Planted, Observe""",
"Amling pecan (I) (NWWdDrive, 263)",Amling pecan (I),NWWdDrive,Juglandaceae: Carya illinoinensis (Pecan),,"Argh, this one shoulda gone in the other location",20221112-Planted,
"Kanza (II) (Rain, 264)",Kanza (II),Rain,Juglandaceae: Carya illinoinensis (Pecan),,,,
"Juglans nigra (Black walnut) (Wal, 135)",Juglans nigra (Black walnut),Wal,Juglandaceae: Juglans nigra (Black walnut),,twin,,
"Juglans nigra (Black walnut) (Wal, 136)",Juglans nigra (Black walnut),Wal,Juglandaceae: Juglans nigra (Black walnut),,younger,,
"'Red' Sunrise® Agastache (GHpot, 246)",'Red' Sunrise® Agastache,GHpot,Lamiaceae-Nepetoideae-Mentheae: Agastache spp and hybrids,,Red theme window box ,,
"Agastache ‘Kudos Mandarin’  (GHpot, 247)",Agastache ‘Kudos Mandarin’ ,GHpot,Lamiaceae-Nepetoideae-Mentheae: Agastache spp and hybrids,,"In orange theme window box
from 2023",,
"Blephilia ciliata (Downy wood mint) (OCFNWc, 142)",Blephilia ciliata (Downy wood mint),OCFNWc,Lamiaceae-Nepetoideae-Mentheae: Blephilia sp,,,,
"Blephilia ciliata (Downy wood mint) (OCoffDeck, 169)",Blephilia ciliata (Downy wood mint),OCoffDeck,Lamiaceae-Nepetoideae-Mentheae: Blephilia sp,,"1 of 4 blue pink deck garden
2022-02-12 pickup at Dutch Buffalo, Deep cell 50 Origin Code 1","20220129-Purchase,""20220212-Arrival, Planted""",
"Blephilia ciliata (Downy wood mint) (OCoffDeck, 171)",Blephilia ciliata (Downy wood mint),OCoffDeck,Lamiaceae-Nepetoideae-Mentheae: Blephilia sp,,"3 of 4 blue pink deck garden
2022-02-12 pickup at Dutch Buffalo, Deep cell 50 Origin Code 1","20220129-Purchase,""20220212-Arrival, Planted""",
"Blephilia ciliata (Downy wood mint) (OCZSun, 170)",Blephilia ciliata (Downy wood mint),OCZSun,Lamiaceae-Nepetoideae-Mentheae: Blephilia sp,,"2 of 4 around persimmon
2022-02-12 pickup at Dutch Buffalo, Deep cell 50 Origin Code 1","20220129-Purchase,""20220212-Arrival, Planted""",
"Blephilia ciliata (Downy wood mint) (OSB, 172)",Blephilia ciliata (Downy wood mint),OSB,Lamiaceae-Nepetoideae-Mentheae: Blephilia sp,,"4 of 4 south berm
2022-02-12 pickup at Dutch Buffalo, Deep cell 50 Origin Code 1","20220129-Purchase,""20220212-Arrival, Planted""",
"Monarda didyma ‘Cherry Pops' SUGAR BUZZ® Series (, 244)",Monarda didyma ‘Cherry Pops' SUGAR BUZZ® Series,,Lamiaceae-Nepetoideae-Mentheae: Monarda spp,,,20240212-Purchase,
"Monarda fistulosa (Bee Balm) (Meadow, 71)",Monarda fistulosa (Bee Balm),Meadow,Lamiaceae-Nepetoideae-Mentheae: Monarda spp,,Believe all descend from Mellow marsh plant purchased at NC Botanic garden in Chapel Hill,,
"Panorama red  (ONB, 72)",Panorama red ,ONB,Lamiaceae-Nepetoideae-Mentheae: Monarda spp,,"Noticed plant in 2020, bloomed first time in 2021",,
"Pycnanthemum virginianum (Mountain Mint) (Wal, MANY, eOrch, 70)",Pycnanthemum virginianum (Mountain Mint),"Wal,MANY,eOrch",Lamiaceae-Nepetoideae-Mentheae: Pycnanthemum spp,,,20210730-Observe,
"Sasafrass (DEAD, 129)",Sasafrass,DEAD,Lauraceae: Sassafras albidum (sassafras),,Was in Orchard south berm. Another between the glade and orchard also didn't make it.,"20211101-Purchase,""20220124-Arrival, Care""",
"Sasafrass (OCpicnic, 252)",Sasafrass,OCpicnic,Lauraceae: Sassafras albidum (sassafras),,,,
"H. fulva 'Kwanso' (GSb-E, 230)",H. fulva 'Kwanso',GSb-E,Liliaceae (alt Asphodelaceae): Hemerocallis fulva (Orange daylily),,Technically three rhizomes,"20230208-Purchase,""20240507-Planted, Harvest, Observe""",
"Rosalind daylily (GSSE, 231)",Rosalind daylily,GSSE,Liliaceae (alt Asphodelaceae): Hemerocallis fulva (Orange daylily),,Technically two rhizomes,"20240430-Purchase,""20240507-Planted, Harvest, Observe""",
"Walking onion (GNWbhN, 40)",Walking onion,GNWbhN,Liliaceae: Allium spp (domesticated),,2019-20 tried establishing in the corner and other spots along the garden border,,
"Walking onion (HKEEN, 38)",Walking onion,HKEEN,Liliaceae: Allium spp (domesticated),,2020-21 winter transplants from garden,,
"Walking onion (Other, 39)",Walking onion,Other,Liliaceae: Allium spp (domesticated),,2020-21 collection in a pot,,
"Hosta 'Francee' (KingW, 88)",Hosta 'Francee',KingW,Liliaceae: Hosta spp,,,"20210910-Purchase,""20211010-Planted, Observe"",20211016-Observe",
"Hosta 'Frances Williams' (KingE, 87)",Hosta 'Frances Williams',KingE,Liliaceae: Hosta spp,,,"20210910-Purchase,""20211010-Planted, Observe"",20211016-Observe",
"Gypsy Queen hyacinth    1927 (OSB, 9)",Gypsy Queen hyacinth    1927,OSB,Liliaceae: Hyacinthus orientalis (hyacinth),,N most of three around the Roman Pink on the west terrace,"20210531-Purchase,20211001-Planted,20211101-Planted",
"Gypsy Queen hyacinth    1927 (OSB, 10)",Gypsy Queen hyacinth    1927,OSB,Liliaceae: Hyacinthus orientalis (hyacinth),,center of the three around the Roman Pink on the west terrace,"20210531-Purchase,20211001-Planted,20211101-Planted",
"Gypsy Queen hyacinth    1927 (OSB, 11)",Gypsy Queen hyacinth    1927,OSB,Liliaceae: Hyacinthus orientalis (hyacinth),,S most of three around the Roman Pink on the west terrace,"20210531-Purchase,20211001-Planted,20211101-Planted",
"Malykin white hyacinth (OSB, 7)",Malykin white hyacinth,OSB,Liliaceae: Hyacinthus orientalis (hyacinth),,Just to the west of the pet path on the north side.,20220127-Observe,
"Malykin white hyacinth (OSB, 8)",Malykin white hyacinth,OSB,Liliaceae: Hyacinthus orientalis (hyacinth),,Just to the west of the pet path on the north side.,20220127-Observe,
"Roman Pink Hyacinth (OSB, 12)",Roman Pink Hyacinth,OSB,Liliaceae: Hyacinthus orientalis (hyacinth),,West end terrace center at the edge,"20210531-Purchase,20211001-Planted,20211101-Planted,20220127-Observe",
"American turk’s-cap lily (DEAD, 14)",American turk’s-cap lily,DEAD,Liliaceae: Lilium spp (native),,"Between the Wells pawpaw and the mulberry
no sign 2024 may","20210531-Purchase,20211001-Planted,20211101-Planted",
"American turk’s-cap lily (OSB, 13)",American turk’s-cap lily,OSB,Liliaceae: Lilium spp (native),,"Marked, downslope on S side, framed by trees
!! May 2024 --IS SPROUTING!!","20210531-Purchase,20211001-Planted,20211101-Planted",
"Red spider lily (OSB, 43)",Red spider lily,OSB,Liliaceae: Lycoris spp,,Eastmost at crest of berm at the N facing terrace. Had sprouted before being planted.,"20210704-Purchase,20211001-Planted,20260701-ToDo,20210531-Purchase,20211101-Planted",
"Red spider lily (OSB, 44)",Red spider lily,OSB,Liliaceae: Lycoris spp,,Center at crest of berm at the N facing terrace. Had sprouted before being planted.,"20210704-Purchase,20211001-Planted,20260701-ToDo,20210531-Purchase,20211101-Planted",
"Red spider lily (OSB, 45)",Red spider lily,OSB,Liliaceae: Lycoris spp,,Westmost at crest of berm at the N facing terrace. Had sprouted before being planted.,"20210704-Purchase,20211001-Planted,20260701-ToDo,20210531-Purchase,20211101-Planted",
"""Earliest mucronate 2W-Y(butter) perinath: double triangle, spreading, twisting, ovate, prominantly mucronate; corola: bowl ribbed straight frilled flanged crenate"" (OCoffDeck, 198)","""Earliest mucronate 2W-Y(butter) perinath: double triangle, spreading, twisting, ovate, prominantly mucronate; corola: bowl ribbed straight frilled flanged crenate""",OCoffDeck,Liliaceae: Narcissus spp,,,,
"Polygonatum Biflorum (Smooth Solomon's Seal) (GSb-E, 258)",Polygonatum Biflorum (Smooth Solomon's Seal),GSb-E,Liliaceae: Polygonatum Biflorum,,"Ordered 12, 6 as of +May 8, 2024 -","20230212-Purchase,""20240507-Planted, Harvest, Observe""",
"Ox blood lily (OSB, 42)",Ox blood lily,OSB,Liliaceae: Rhodophiala bifida,,Behind the Christmas fern (facing S) framed by the trees at the top of the berm. Had sprouted before being planted.,"20210704-Purchase,20211001-Planted,20210531-Purchase,20211101-Planted",
"Zephyranthes atamasca (rain lily) (Rain, 123)",Zephyranthes atamasca (rain lily),Rain,Liliaceae: Zephyranthes spp,,Colony from two bulbs,"""20211021-Planted, Observe""",
"Spigelia marilandica 'Little Redhead' (OSB, 260)",Spigelia marilandica 'Little Redhead',OSB,Loganiaceae: Spigelia marilandica,,"At the E end, s side. Bought on visit to plant delights with Diana in May ... 2022? ","20220515-Planted,20220508-Purchase",
"Liriodendron tulipifera (OCpicnic, 32)",Liriodendron tulipifera,OCpicnic,Magnoliaceae: Liriodendron tulipifera (Tulip poplar),03,"""Twins""",,
"Liriodendron tulipifera (OSB, 33)",Liriodendron tulipifera,OSB,Magnoliaceae: Liriodendron tulipifera (Tulip poplar),02,,"20190530-Observe,20190907-Observe",
"Liriodendron tulipifera (Other, 31)",Liriodendron tulipifera,Other,Magnoliaceae: Liriodendron tulipifera (Tulip poplar),01,"""P"" in early map; N end hugelkultur
201704 Magnoliaceae: Liriodendron tulipifera (Tulip poplar) T001 leafed out, planted green & gold at base, sometime in april before the 15th",,
"Magnolia × soulangeana (saucer magnolia) (FrtW, 30)",Magnolia × soulangeana (saucer magnolia),FrtW,Magnoliaceae: Magnolia spp,,"B on early map
20190626 blooming when I was back from travel
20190402 has survived 28°F mornings over past month with only a few petals going brown. Lovely show this year. Leaves have broken bud and are a quarter size.
20190220 about 10% of the courtyard buds are showing pink. Have been for a few days.

20180312 Frosts have slowly been turning the magnolia petals brown

20170303 Freeze overnight. Saucer magnolia wiped out.
20170226 Tree covered
20170218 first sign of pink.


Do you have a saucer magnolia that is putting on a second flush of flowers? Is this something it normally does?

Our saucer magnolia was blooming a lovely purplish pink when the house went on the market in late March. (The pictures helped me to fall in love with the place!) Unlike any saucer magnolia i've ever seen, it is blooming again (or at least it's trying too). Big pink buds are forming but they don't seem to be surviving the rain long enough to really open. 

I'm wondering whether this is typical for any variety, or if it's due to stress. I know there were the late freezes this year -- i can imagine that triggering a second attempt at blooming if seed set is poor, but it seems unlikely. If your magnolia is blooming, too, and it's not normal, that might be the cause.

We also pruned the tree back from the roof of the garage, and still have more pruning to do. If the pruning shocked the tree into putting forth flowers, we need to be more careful about the next round of pruning. 

Thanks for your thoughts!",20210701-Observe,
"Sweetbay magnolia (DEAD, 128)",Sweetbay magnolia,DEAD,Magnoliaceae: Magnolia spp,,"three, from Country Farm & Home-- not sure why failed. Needed water?","20211101-Purchase,""20220124-Arrival, Care""",
"Callirhoe involucrata (Purple Poppy Mallow) (GHpot, 55)",Callirhoe involucrata (Purple Poppy Mallow),GHpot,Malvaceae: Callirhoe Involucrata,,THREE  as of 20210405 all had been in once cell of a four pack from 2020 flat,20210705-Care,
"Hibiscus coccineus (Scarlet rose mallow) (OCoffDeck, 91)",Hibiscus coccineus (Scarlet rose mallow),OCoffDeck,Malvaceae: Hibiscus coccineus (Scarlet rosemallow),,"2021 two blooms. Blink and you’d miss it.
20200914 BLOOOOOOOMED
2018 fall — I think the plant barely survived the deer predation. Once the fence was up, a palmate leaf plant grew approximately where I remember planting it — so I think it has survived. No flowers this year. Maybe next. (Collect seed for rain garden & wet border of yard with the lobelia.)
20170429 purchased at UNC Botanical Garden",,
"Luna Mix Hibiscus, Hibiscus moscheutos (OCFN, OCFNWc, 92)","Luna Mix Hibiscus,Hibiscus moscheutos","OCFN,OCFNWc","Malvaceae: Hibiscus moscheutos,Malvaceae: Hibiscus moscheutos",,"Rose, was at back of rain garden","""20211010-Planted, Observe""",
"Luna Mix Hibiscus, Hibiscus moscheutos (Rain, 93)","Luna Mix Hibiscus,Hibiscus moscheutos",Rain,"Malvaceae: Hibiscus moscheutos,Malvaceae: Hibiscus moscheutos",,white,,
"Malva moschata (Tinker Ridge Musk mallow) (GSeedBank, 193)",Malva moschata (Tinker Ridge Musk mallow),GSeedBank,Malvaceae: Malva moschata (Musk mallow),,,20220226-Planted,
"Rhexia virginica (meadowbeauty) (GHpot, 54)",Rhexia virginica (meadowbeauty),GHpot,Melastomataceae:  Rhexia virginica,,"THREE maybe  as of 20210405, with one from 2021 flat, and two from 2020",20210705-Care,
"Chicago Hardy (ONB, 56)",Chicago Hardy,ONB,Moraceae: Ficus carica (fig),,,"20210705-Harvest,20210901-Harvest,20220212-Care,20180926-Purchase",
"Myrica cerifera (wax myrtle) (GHpot, 125)",Myrica cerifera (wax myrtle),GHpot,Myricaceae: Myrica cerifera & M caroliniensis,,,,
"Myrica cerifera (wax myrtle) (GHpot, 126)",Myrica cerifera (wax myrtle),GHpot,Myricaceae: Myrica cerifera & M caroliniensis,,,,
"Aunt Rachel Peony (Circ, 180)",Aunt Rachel Peony,Circ,Paeoniaceae: Paeonia sp. (Peony),,,"""20220213-Planted, Location, Propagation"",20210301-Observe,20200424-Observe,20190403-Observe,20190302-Observe,20180305-Observe",
"Aunt Rachel Peony (Circ, 181)",Aunt Rachel Peony,Circ,Paeoniaceae: Paeonia sp. (Peony),,,"""20220213-Planted, Location, Propagation"",20210301-Observe,20200424-Observe,20190403-Observe,20190302-Observe,20180305-Observe",
"Malykin peony (Circ, 182)",Malykin peony,Circ,Paeoniaceae: Paeonia sp. (Peony),,,"""20220213-Planted, Location, Propagation"",20210301-Observe,20200424-Observe,20190403-Observe,20190302-Observe,20180305-Observe",
"Malykin peony (Circ, 183)",Malykin peony,Circ,Paeoniaceae: Paeonia sp. (Peony),,,"""20220213-Planted, Location, Propagation"",20210301-Observe,20200424-Observe,20190403-Observe,20190302-Observe,20180305-Observe",
"Malykin peony (Circ, 184)",Malykin peony,Circ,Paeoniaceae: Paeonia sp. (Peony),,,"""20220213-Planted, Location, Propagation"",20210301-Observe,20200424-Observe,20190403-Observe,20190302-Observe,20180305-Observe",
"Malykin peony (Circ, 185)",Malykin peony,Circ,Paeoniaceae: Paeonia sp. (Peony),,,"""20220213-Planted, Location, Propagation"",20210301-Observe,20200424-Observe,20190403-Observe,20190302-Observe,20180305-Observe",
"Paeonia 'Coral Sunset' (OCZSun, 259)",Paeonia 'Coral Sunset',OCZSun,Paeoniaceae: Paeonia spp and hybrids,,From Karen Tucker 2022,20221112-Planted,
"Cymbopogon citratus (lemon grass) (GHpot, 144)",Cymbopogon citratus (lemon grass),GHpot,Poaceae-Panicoideae-Andropogoneae: Cymbopogon spp,,"2021 autumn, brought in clump. Wondering if other clumps will die. Trying to mulch to protect.",,
"Tripsacum dactyloides (eastern gamagrass) (Wal, 140)",Tripsacum dactyloides (eastern gamagrass),Wal,Poaceae-Panicoideae-Andropogoneae: Tripsacum dactyloides (Eastern gamagrass),,,20171225-Purchase,
"""Phlox X """"Fashionably Early Flamingo”"" (OCoffDeck, 17)","""Phlox X """"Fashionably Early Flamingo”""",OCoffDeck,Polemoniaceae: Phlox spp (garden phlox),,,"20210625-Care,20210731-Observe,20171216-Purchase",
"Phlox ‘Opening Act Blush’  (OCZSun, 236)",Phlox ‘Opening Act Blush’ ,OCZSun,Polemoniaceae: Phlox spp (garden phlox),,In the bed just south of the persimmon,"20240504-Planted,20240212-Purchase",
"Phlox [contested] 'Miss Lingard' (OCoffDeck, 59)",Phlox [contested] 'Miss Lingard',OCoffDeck,Polemoniaceae: Phlox spp (garden phlox),,,"20210625-Care,20210731-Observe,20171216-Purchase",
"Phlox paniculata 'Blue Paradise' (OCZSun, 237)",Phlox paniculata 'Blue Paradise',OCZSun,Polemoniaceae: Phlox spp (garden phlox),,East of Aunt Rachel apple in same bed.,"20240504-Planted,20240212-Purchase",
"Phlox paniculata ‘Barsixtytwo’ (DEAD, 18)",Phlox paniculata ‘Barsixtytwo’,DEAD,Polemoniaceae: Phlox spp (garden phlox),,,20180808-Purchase,
"Seedling garden phlox 2021 (OCFN, OCFNWc, 57)",Seedling garden phlox 2021,"OCFN,OCFNWc",Polemoniaceae: Phlox spp (garden phlox),,"Showing pink Flamingo-esque flowers

Parents can be ""Phlox X """"Fashionably Early Flamingo”"" (OCoffDeck, 17) and/or Phlox [contested] 'Miss Lingard' (OCoffDeck, 59)","20210709-Planted,20210730-Observe",
"Seedling garden phlox 2021 (OCFN, OCFNWc, 58)",Seedling garden phlox 2021,"OCFN,OCFNWc",Polemoniaceae: Phlox spp (garden phlox),,"No flowers as of 20210709 
Parents can be ""Phlox X """"Fashionably Early Flamingo”"" (OCoffDeck, 17) and/or Phlox [contested] 'Miss Lingard' (OCoffDeck, 59)","20210709-Planted,20210730-Observe",
"""Phlox subulata 'Scarlet Flame'
"" (, 245)","""Phlox subulata 'Scarlet Flame'
""",,Polemoniaceae: Phlox spp (spreading),,,20240212-Purchase,
"'Blonde de Lyon’ Garden Sorrel (GNb-E, 150)",'Blonde de Lyon’ Garden Sorrel,GNb-E,Polygonaceae: Rumex acetosa (Garden Sorrel),,2022-02-26 divided into three.,20220226-Planted,
"'Blonde de Lyon’ Garden Sorrel (GNNW, 149)",'Blonde de Lyon’ Garden Sorrel,GNNW,Polygonaceae: Rumex acetosa (Garden Sorrel),,,,
"Rumex acetosa (Garden Sorrel) (seeded, 188)",Rumex acetosa (Garden Sorrel),seeded,Polygonaceae: Rumex acetosa (Garden Sorrel),,Scattered Feb 2021 Southern Exposure Seed Exchange Lot #BB575 ,20220226-Planted,
"Bugbane 'Brunette' (FrtE, 109)",Bugbane 'Brunette',FrtE,Ranunculaceae: Actaea,,"More east. Bloomed 2021.
[Purchased 2021-03-27]()","""20211017-Observe, Planted, Garden plot layout""",
"Bugbane 'Pink spike' (FrtE, 112)",Bugbane 'Pink spike',FrtE,Ranunculaceae: Actaea,,[Purchased 2021-03-27](http://www.newgardenplants.com/productdetails.aspx??product=Pink-Spike--Bugbane&prodID=1021),"""20211017-Observe, Planted, Garden plot layout""",
"Aquilegia canadensis (Columbine) (OSB, 256)",Aquilegia canadensis (Columbine),OSB,Ranunculaceae: Aquilegia canadensis (Columbine),,,,
"Helleborus 'Tropical Sunset' HONEYMOON® Series (FrtE, 118)",Helleborus 'Tropical Sunset' HONEYMOON® Series,FrtE,Ranunculaceae: Helleborus X ,,"'Tropical Sunset' HONEYMOON® Series Helleborus X 1 at $14.95
New Garden plants 3/27/21
","""20211017-Observe, Planted, Garden plot layout"",20220127-Observe,20220207-Observe",
"Helleborus X 'Winter Delights Violet' (FrtE, 120)",Helleborus X 'Winter Delights Violet',FrtE,Ranunculaceae: Helleborus X ,,"20200727 Plant Delights
Helleborus hybridus Winter Delights Violet $16 was $20
","""20211017-Observe, Planted, Garden plot layout"",20220127-Observe,20220207-Observe",
"Helleborus X ‘White Lady’ (FrtW, 151)",Helleborus X ‘White Lady’,FrtW,Ranunculaceae: Helleborus X ,,"20200126 Blooming
20180305 see Ranunculaceae: Helleborus X Onyx Odyssey for image
2017121X planted in “courtyard""
20171216 Big Bloomers $5.95 Ranunculaceae: .Helleborus X ‘White Lady’","20220127-Observe,20180305-Observe,20220207-Observe,20171216-Purchase",
"Ranunculaceae:  Helleborus X  Onyx Odyssey (DEAD, 152)",Ranunculaceae:  Helleborus X  Onyx Odyssey,DEAD,Ranunculaceae: Helleborus X ,,"20200205 not visible — need to check if leaves covering. May have been “raked up” during roofing.
20180305

2017121X planted in “courtyard""
20171216 Big Bloomers $9.95 Ranunculaceae: Helleborus X Onyx Odyssey
",20180305-Observe,
"Ceanothus americanus (New Jersey tea) (OSB, 124)",Ceanothus americanus (New Jersey tea),OSB,Rhamnaceae: Ceanothus americanus (New Jersey tea),,"20190224 Planted Rhamnaceae: Ceanothus americanus (New Jersey tea) on S berm, E end, near the dogwoods. With Sassafras, a tea planting?
20190215 Mellowmarsh/CountryFarm&Home",,
"Chickasaw Plum (EYBS, 234)",Chickasaw Plum,EYBS,Rosaceae-Amygdaloideae-Amygdaleae: Prunus angustifolia (Chickasaw plum),,Selected for fruiting by Feralwood Nursery,20230208-Purchase,
"Chickasaw Plum (EYBS, 251)",Chickasaw Plum,EYBS,Rosaceae-Amygdaloideae-Amygdaleae: Prunus angustifolia (Chickasaw plum),,,,
"Gutherie Plum (EYBS, 250)",Gutherie Plum,EYBS,Rosaceae-Amygdaloideae-Amygdaleae: Prunus angustifolia (Chickasaw plum),,,,
"Southern Crabapple (Island, 130)",Southern Crabapple,Island,Rosaceae-Amygdaloideae-Maleae: Malus angustifolia (Southern crabapple),,,"20211101-Purchase,""20220124-Arrival, Care""",
"""Malus pumila """"Grimes Golden"""""" (OCZSun, 35)","""Malus pumila """"Grimes Golden""""""",OCZSun,Rosaceae-Amygdaloideae-Maleae: Malus spp (domesticated),,20180606 Century Farms Apple Order,20220212-Care,
"""Malus pumila """"Johnson Keeper"""""" (OCZSun, 36)","""Malus pumila """"Johnson Keeper""""""",OCZSun,Rosaceae-Amygdaloideae-Maleae: Malus spp (domesticated),,20180606 Century Farms Apple Order,20220212-Care,
"Malus pumila 'Aunt Rachel' (OCZSun, 34)",Malus pumila 'Aunt Rachel',OCZSun,Rosaceae-Amygdaloideae-Maleae: Malus spp (domesticated),,,20220212-Care,
"Malykin Apples (DEAD, 21)",Malykin Apples,DEAD,Rosaceae-Amygdaloideae-Maleae: Malus spp (domesticated),,"""D"" in early map; possibly removed 20181129",,
"Malykin Apples (Other, 22)",Malykin Apples,Other,Rosaceae-Amygdaloideae-Maleae: Malus spp (domesticated),,"""E"" in early map; to east of the front parking place	","20210626-Observe,20210702-Observe,20210725-Observe,20210814-Harvest",
"Camarosa (MANY, 224)",Camarosa,MANY,Rosaceae-Rosoideae-Potentilleae: Fragaria × ananassa (garden strawberry),,,"20220630-Purchase,20221030-Planted,""20240507-Planted, Harvest, Observe""",
"Camarosa short-day strawberry (GSNE, GSNM, GSNW, MANY, 255)",Camarosa short-day strawberry,"GSNE,GSNM,GSNW,MANY",Rosaceae-Rosoideae-Potentilleae: Fragaria × ananassa (short day),,2024 - wonderful production!,,
"""Prime-Ark® Traveler Thornless, Primocane-Fruiting Blackberry"" (OCZSun, 26)","""Prime-Ark® Traveler Thornless, Primocane-Fruiting Blackberry""",OCZSun,Rosaceae-Rosoideae-Rubeae: Rubus sp,,North,"20210629-Observe,ToDo-ToDo,ToDo-ToDo,20210705-Harvest,20220212-Care,20180926-Purchase",
"""Prime-Ark® Traveler Thornless, Primocane-Fruiting Blackberry"" (OCZSun, 27)","""Prime-Ark® Traveler Thornless, Primocane-Fruiting Blackberry""",OCZSun,Rosaceae-Rosoideae-Rubeae: Rubus sp,,South,"20210629-Observe,ToDo-ToDo,ToDo-ToDo,20210705-Harvest,20220212-Care,20180926-Purchase",
"Blackberry fruiting cane type (OCZSun, 23)",Blackberry fruiting cane type,OCZSun,Rosaceae-Rosoideae-Rubeae: Rubus sp,,,"20210629-Observe,ToDo-ToDo,ToDo-ToDo,20210705-Harvest,20220212-Care",
"Blackberry fruiting cane type (OCZSun, 24)",Blackberry fruiting cane type,OCZSun,Rosaceae-Rosoideae-Rubeae: Rubus sp,,,"20210629-Observe,ToDo-ToDo,ToDo-ToDo,20210705-Harvest,20220212-Care",
"Blackberry fruiting cane type (OCZSun, 25)",Blackberry fruiting cane type,OCZSun,Rosaceae-Rosoideae-Rubeae: Rubus sp,,,"20210629-Observe,ToDo-ToDo,ToDo-ToDo,20210705-Harvest,20220212-Care",
"Wild blackberry (Other, 28)",Wild blackberry,Other,Rosaceae-Rosoideae-Rubeae: Rubus sp,,"North west corner of ""meadow""	","20210629-Observe,ToDo-ToDo,ToDo-ToDo",
"Rosa hybrid Zaide™ (ONB, 222)",Rosa hybrid Zaide™,ONB,Rosaceae-Rosoideae: Rosa hybrid,,"20190720 Lowes Rescue
2.00-GAL ROSE ELEGANZA $ 3.00. Item #: 840251

20190721 O
Planted Rosaceae-Rosoideae: Rosa hybrid Zaide™ & Asteraceae-Asteroideae-Coreopsideae: Dahlia x pinnata (and edible cultivars) in berm. -- just to the east of the fig in the N berm",,
"Cephalanthus occidentalis (button bush) (Rain, 83)",Cephalanthus occidentalis (button bush),Rain,Rubiaceae: Cephalanthus occidentalis (button bush),,"Near rain garden, along drainage ditch, N of the three crepe myrtles

2019 only one survived https://www.inaturalist.org/observations/31849048 

201802xx planted two button bushes at outflow of drive drain; another pair between lilac & red sidewalk azalea in drain area. 

20170326 moved button bush seedlings from flats to posts

20161016 Native seed swap see Seed starting",,
"Aesculus flava (yellow buckeye) (Wal, 80)",Aesculus flava (yellow buckeye),Wal,Sapindaceae: Aesculus spp (buckeye),,"""20200208 Planted Yellow Buckeye, Aesculus flava by w side of traffic circle
201912 Sales Order 6516 from Country Farm & Home Supply, Inc.""",20210730-Observe,
"Aesculus sylvatica (Painted buckeye) (GHpot, 209)",Aesculus sylvatica (Painted buckeye),GHpot,Sapindaceae: Aesculus spp (buckeye),,,20220221-Purchase,
"Aesculus sylvatica (Painted buckeye) (GHpot, 211)",Aesculus sylvatica (Painted buckeye),GHpot,Sapindaceae: Aesculus spp (buckeye),,,20220221-Purchase,
"Heuchera 'Electric Plum' (DEAD, 113)",Heuchera 'Electric Plum',DEAD,Saxifragaceae: Heuchera x (Heuchera hybrids),,"Planted in Front East bed, drought, deer rabbits?",,
"Heuchera 'Northern Exposure Red' (GHpot, 248)",Heuchera 'Northern Exposure Red',GHpot,Saxifragaceae: Heuchera x (Heuchera hybrids),,"Red themed window box, added 2023",,
"Heuchera Forever® Purple (FrtE, 114)",Heuchera Forever® Purple,FrtE,Saxifragaceae: Heuchera x (Heuchera hybrids),,"'Forever Purple' Coral Bell X 1 at $12.88
New Garden plants 9/10/21,","""20211017-Observe, Planted, Garden plot layout"",20210910-Purchase",
"Heuchera x 'Lemon Love' (FrtE, 117)",Heuchera x 'Lemon Love',FrtE,Saxifragaceae: Heuchera x (Heuchera hybrids),,"20200727 Plant Delights, Heuchera 'Lemon Love' PP 31,223 $17 ","""20211017-Observe, Planted, Garden plot layout""",
"Mega Caramel® Coral Bells (GHpot, 249)",Mega Caramel® Coral Bells,GHpot,Saxifragaceae: Heuchera x (Heuchera hybrids),,In orange tone window box,,
"Itea Virginia (Sweetspire) (Rain, 257)",Itea Virginia (Sweetspire),Rain,Saxifragales-Iteaceae: Itea virginica,,"'+May 5, 2024 - has been sort of fenced in rain garden since moving there
20201031 moved from poplar (where shaded by bears foot and occasionally mown) to rain garden. 
Zone 2-Mesic (middle) Zone: This area will hold water but will drain much sooner than Zone 1. This zone is likely to hold several inches of water during and immediately after a rain event, depending on construction of the raingarden. - https://extension.psu.edu/rain-gardens-the-plants
20170211 planted to NE of tulip poplar #1
20170126 Plants from Margaret Partridge
http://www.wildflower.org/plants/result.php?id_plant=ITVI
Great for your ditch!",,
"Penstemon 'Cha Cha Cherry' (, 243)",Penstemon 'Cha Cha Cherry',,Scrophulariaceae: Penstemon spp and hybrids,,,20240212-Purchase,
"'Yellow Moon' Wishbone Plant (GHpot, 238)",'Yellow Moon' Wishbone Plant,GHpot,Scrophulariaceae: Torenia spp,,For hanging planter 2024,20240212-Purchase,
"'Yellow Moon' Wishbone Plant (GHpot, 239)",'Yellow Moon' Wishbone Plant,GHpot,Scrophulariaceae: Torenia spp,,For hanging planter 2024,20240212-Purchase,
"Verbena rigida (ONB, 5)",Verbena rigida,ONB,Verbenaceae: Verbena spp and Glandularia spp,,"I think i moved this over to the ""nursery""
On the s side at the base of the [rose]","20210618-Purchase,20210623-Planted",
"Verbena tenera ‘Sissinghurst’ (DEAD, 20)",Verbena tenera ‘Sissinghurst’,DEAD,Verbenaceae: Verbena spp and Glandularia spp,,"Planted in N berm, southside, west end  (later where ""Verbena rigida (ONB, 5)"" was planted) but probably too long after receiving.	","""20200727-Purchase, Planted""",
"Southern Lady fern (FrtE, 116)",Southern Lady fern,FrtE,Woodsiaceae: Athyrium spp,,corner of steps and wall,"""20211017-Observe, Planted, Garden plot layout""",
"Southern Lady fern (MANY, 115)",Southern Lady fern,MANY,Woodsiaceae: Athyrium spp,,,,